,timestamp,device_id,metric_id,value,labels._device_orig
0,2022-04-04 23:42:38.000000,gemini-1,wattmetre_power_watt,1179.057,"['wattmetrev3-1-port6', 'wattmetrev3-1-port7', 'wattmetrev3-1-port8', 'wattmetrev3-1-port9']"
1,2022-04-04 23:42:39.000000,gemini-1,wattmetre_power_watt,1178.437,"['wattmetrev3-1-port6', 'wattmetrev3-1-port7', 'wattmetrev3-1-port8', 'wattmetrev3-1-port9']"
2,2022-04-04 23:42:40.000000,gemini-1,wattmetre_power_watt,1178.38217821782,"['wattmetrev3-1-port6', 'wattmetrev3-1-port7', 'wattmetrev3-1-port8', 'wattmetrev3-1-port9']"
3,2022-04-04 23:42:41.000000,gemini-1,wattmetre_power_watt,1179.388,"['wattmetrev3-1-port6', 'wattmetrev3-1-port7', 'wattmetrev3-1-port8', 'wattmetrev3-1-port9']"
4,2022-04-04 23:42:41.811276,gemini-1,bmc_node_power_watt,1044.0,
5,2022-04-04 23:42:42.000000,gemini-1,wattmetre_power_watt,1180.798,"['wattmetrev3-1-port6', 'wattmetrev3-1-port7', 'wattmetrev3-1-port8', 'wattmetrev3-1-port9']"
6,2022-04-04 23:42:43.000000,gemini-1,wattmetre_power_watt,1178.667,"['wattmetrev3-1-port6', 'wattmetrev3-1-port7', 'wattmetrev3-1-port8', 'wattmetrev3-1-port9']"
7,2022-04-04 23:42:44.000000,gemini-1,wattmetre_power_watt,1180.369,"['wattmetrev3-1-port6', 'wattmetrev3-1-port7', 'wattmetrev3-1-port8', 'wattmetrev3-1-port9']"
8,2022-04-04 23:42:45.000000,gemini-1,wattmetre_power_watt,1181.988,"['wattmetrev3-1-port6', 'wattmetrev3-1-port7', 'wattmetrev3-1-port8', 'wattmetrev3-1-port9']"
9,2022-04-04 23:42:46.000000,gemini-1,wattmetre_power_watt,1179.682,"['wattmetrev3-1-port6', 'wattmetrev3-1-port7', 'wattmetrev3-1-port8', 'wattmetrev3-1-port9']"
10,2022-04-04 23:42:46.812005,gemini-1,bmc_node_power_watt,1044.0,
11,2022-04-04 23:42:47.000000,gemini-1,wattmetre_power_watt,1179.349,"['wattmetrev3-1-port6', 'wattmetrev3-1-port7', 'wattmetrev3-1-port8', 'wattmetrev3-1-port9']"
12,2022-04-04 23:42:48.000000,gemini-1,wattmetre_power_watt,1180.381,"['wattmetrev3-1-port6', 'wattmetrev3-1-port7', 'wattmetrev3-1-port8', 'wattmetrev3-1-port9']"
13,2022-04-04 23:42:49.000000,gemini-1,wattmetre_power_watt,1178.478,"['wattmetrev3-1-port6', 'wattmetrev3-1-port7', 'wattmetrev3-1-port8', 'wattmetrev3-1-port9']"
14,2022-04-04 23:42:50.000000,gemini-1,wattmetre_power_watt,1178.875,"['wattmetrev3-1-port6', 'wattmetrev3-1-port7', 'wattmetrev3-1-port8', 'wattmetrev3-1-port9']"
15,2022-04-04 23:42:51.000000,gemini-1,wattmetre_power_watt,1178.581,"['wattmetrev3-1-port6', 'wattmetrev3-1-port7', 'wattmetrev3-1-port8', 'wattmetrev3-1-port9']"
16,2022-04-04 23:42:51.813263,gemini-1,bmc_node_power_watt,1044.0,
17,2022-04-04 23:42:52.000000,gemini-1,wattmetre_power_watt,1178.922,"['wattmetrev3-1-port6', 'wattmetrev3-1-port7', 'wattmetrev3-1-port8', 'wattmetrev3-1-port9']"
18,2022-04-04 23:42:53.000000,gemini-1,wattmetre_power_watt,1179.097,"['wattmetrev3-1-port6', 'wattmetrev3-1-port7', 'wattmetrev3-1-port8', 'wattmetrev3-1-port9']"
19,2022-04-04 23:42:54.000000,gemini-1,wattmetre_power_watt,1180.192,"['wattmetrev3-1-port6', 'wattmetrev3-1-port7', 'wattmetrev3-1-port8', 'wattmetrev3-1-port9']"
20,2022-04-04 23:42:55.000000,gemini-1,wattmetre_power_watt,1178.898,"['wattmetrev3-1-port6', 'wattmetrev3-1-port7', 'wattmetrev3-1-port8', 'wattmetrev3-1-port9']"
21,2022-04-04 23:42:56.000000,gemini-1,wattmetre_power_watt,1178.032,"['wattmetrev3-1-port6', 'wattmetrev3-1-port7', 'wattmetrev3-1-port8', 'wattmetrev3-1-port9']"
22,2022-04-04 23:42:56.813554,gemini-1,bmc_node_power_watt,1044.0,
23,2022-04-04 23:42:57.000000,gemini-1,wattmetre_power_watt,1178.875,"['wattmetrev3-1-port6', 'wattmetrev3-1-port7', 'wattmetrev3-1-port8', 'wattmetrev3-1-port9']"
24,2022-04-04 23:42:58.000000,gemini-1,wattmetre_power_watt,1178.889,"['wattmetrev3-1-port6', 'wattmetrev3-1-port7', 'wattmetrev3-1-port8', 'wattmetrev3-1-port9']"
25,2022-04-04 23:42:59.000000,gemini-1,wattmetre_power_watt,1179.141,"['wattmetrev3-1-port6', 'wattmetrev3-1-port7', 'wattmetrev3-1-port8', 'wattmetrev3-1-port9']"
26,2022-04-04 23:43:00.000000,gemini-1,wattmetre_power_watt,1180.113,"['wattmetrev3-1-port6', 'wattmetrev3-1-port7', 'wattmetrev3-1-port8', 'wattmetrev3-1-port9']"
27,2022-04-04 23:43:01.000000,gemini-1,wattmetre_power_watt,1178.537,"['wattmetrev3-1-port6', 'wattmetrev3-1-port7', 'wattmetrev3-1-port8', 'wattmetrev3-1-port9']"
28,2022-04-04 23:43:01.813828,gemini-1,bmc_node_power_watt,1044.0,
29,2022-04-04 23:43:02.000000,gemini-1,wattmetre_power_watt,1178.597,"['wattmetrev3-1-port6', 'wattmetrev3-1-port7', 'wattmetrev3-1-port8', 'wattmetrev3-1-port9']"
30,2022-04-04 23:43:03.000000,gemini-1,wattmetre_power_watt,1178.811,"['wattmetrev3-1-port6', 'wattmetrev3-1-port7', 'wattmetrev3-1-port8', 'wattmetrev3-1-port9']"
31,2022-04-04 23:43:04.000000,gemini-1,wattmetre_power_watt,1179.252,"['wattmetrev3-1-port6', 'wattmetrev3-1-port7', 'wattmetrev3-1-port8', 'wattmetrev3-1-port9']"
32,2022-04-04 23:43:05.000000,gemini-1,wattmetre_power_watt,1179.032,"['wattmetrev3-1-port6', 'wattmetrev3-1-port7', 'wattmetrev3-1-port8', 'wattmetrev3-1-port9']"
33,2022-04-04 23:43:06.000000,gemini-1,wattmetre_power_watt,1181.408,"['wattmetrev3-1-port6', 'wattmetrev3-1-port7', 'wattmetrev3-1-port8', 'wattmetrev3-1-port9']"
34,2022-04-04 23:43:06.814319,gemini-1,bmc_node_power_watt,1044.0,
35,2022-04-04 23:43:07.000000,gemini-1,wattmetre_power_watt,1182.18,"['wattmetrev3-1-port6', 'wattmetrev3-1-port7', 'wattmetrev3-1-port8', 'wattmetrev3-1-port9']"
36,2022-04-04 23:43:08.000000,gemini-1,wattmetre_power_watt,1178.42,"['wattmetrev3-1-port6', 'wattmetrev3-1-port7', 'wattmetrev3-1-port8', 'wattmetrev3-1-port9']"
37,2022-04-04 23:43:09.000000,gemini-1,wattmetre_power_watt,1178.83663366337,"['wattmetrev3-1-port6', 'wattmetrev3-1-port7', 'wattmetrev3-1-port8', 'wattmetrev3-1-port9']"
38,2022-04-04 23:43:10.000000,gemini-1,wattmetre_power_watt,1178.982,"['wattmetrev3-1-port6', 'wattmetrev3-1-port7', 'wattmetrev3-1-port8', 'wattmetrev3-1-port9']"
39,2022-04-04 23:43:11.000000,gemini-1,wattmetre_power_watt,1178.888,"['wattmetrev3-1-port6', 'wattmetrev3-1-port7', 'wattmetrev3-1-port8', 'wattmetrev3-1-port9']"
40,2022-04-04 23:43:11.814282,gemini-1,bmc_node_power_watt,1044.0,
41,2022-04-04 23:43:12.000000,gemini-1,wattmetre_power_watt,1180.242,"['wattmetrev3-1-port6', 'wattmetrev3-1-port7', 'wattmetrev3-1-port8', 'wattmetrev3-1-port9']"
42,2022-04-04 23:43:13.000000,gemini-1,wattmetre_power_watt,1178.831,"['wattmetrev3-1-port6', 'wattmetrev3-1-port7', 'wattmetrev3-1-port8', 'wattmetrev3-1-port9']"
43,2022-04-04 23:43:14.000000,gemini-1,wattmetre_power_watt,1178.665,"['wattmetrev3-1-port6', 'wattmetrev3-1-port7', 'wattmetrev3-1-port8', 'wattmetrev3-1-port9']"
44,2022-04-04 23:43:15.000000,gemini-1,wattmetre_power_watt,1177.919,"['wattmetrev3-1-port6', 'wattmetrev3-1-port7', 'wattmetrev3-1-port8', 'wattmetrev3-1-port9']"
45,2022-04-04 23:43:16.000000,gemini-1,wattmetre_power_watt,1178.534,"['wattmetrev3-1-port6', 'wattmetrev3-1-port7', 'wattmetrev3-1-port8', 'wattmetrev3-1-port9']"
46,2022-04-04 23:43:16.815369,gemini-1,bmc_node_power_watt,1044.0,
47,2022-04-04 23:43:17.000000,gemini-1,wattmetre_power_watt,1179.245,"['wattmetrev3-1-port6', 'wattmetrev3-1-port7', 'wattmetrev3-1-port8', 'wattmetrev3-1-port9']"
48,2022-04-04 23:43:18.000000,gemini-1,wattmetre_power_watt,1179.829,"['wattmetrev3-1-port6', 'wattmetrev3-1-port7', 'wattmetrev3-1-port8', 'wattmetrev3-1-port9']"
49,2022-04-04 23:43:19.000000,gemini-1,wattmetre_power_watt,1178.76,"['wattmetrev3-1-port6', 'wattmetrev3-1-port7', 'wattmetrev3-1-port8', 'wattmetrev3-1-port9']"
50,2022-04-04 23:43:20.000000,gemini-1,wattmetre_power_watt,1178.441,"['wattmetrev3-1-port6', 'wattmetrev3-1-port7', 'wattmetrev3-1-port8', 'wattmetrev3-1-port9']"
51,2022-04-04 23:43:21.000000,gemini-1,wattmetre_power_watt,1178.564,"['wattmetrev3-1-port6', 'wattmetrev3-1-port7', 'wattmetrev3-1-port8', 'wattmetrev3-1-port9']"
52,2022-04-04 23:43:21.816063,gemini-1,bmc_node_power_watt,1044.0,
53,2022-04-04 23:43:22.000000,gemini-1,wattmetre_power_watt,1178.306,"['wattmetrev3-1-port6', 'wattmetrev3-1-port7', 'wattmetrev3-1-port8', 'wattmetrev3-1-port9']"
54,2022-04-04 23:43:23.000000,gemini-1,wattmetre_power_watt,1179.605,"['wattmetrev3-1-port6', 'wattmetrev3-1-port7', 'wattmetrev3-1-port8', 'wattmetrev3-1-port9']"
55,2022-04-04 23:43:24.000000,gemini-1,wattmetre_power_watt,1180.153,"['wattmetrev3-1-port6', 'wattmetrev3-1-port7', 'wattmetrev3-1-port8', 'wattmetrev3-1-port9']"
56,2022-04-04 23:43:25.000000,gemini-1,wattmetre_power_watt,1178.213,"['wattmetrev3-1-port6', 'wattmetrev3-1-port7', 'wattmetrev3-1-port8', 'wattmetrev3-1-port9']"
57,2022-04-04 23:43:26.000000,gemini-1,wattmetre_power_watt,1178.712,"['wattmetrev3-1-port6', 'wattmetrev3-1-port7', 'wattmetrev3-1-port8', 'wattmetrev3-1-port9']"
58,2022-04-04 23:43:26.817179,gemini-1,bmc_node_power_watt,1044.0,
59,2022-04-04 23:43:27.000000,gemini-1,wattmetre_power_watt,1178.429,"['wattmetrev3-1-port6', 'wattmetrev3-1-port7', 'wattmetrev3-1-port8', 'wattmetrev3-1-port9']"
60,2022-04-04 23:43:28.000000,gemini-1,wattmetre_power_watt,1180.611,"['wattmetrev3-1-port6', 'wattmetrev3-1-port7', 'wattmetrev3-1-port8', 'wattmetrev3-1-port9']"
61,2022-04-04 23:43:29.000000,gemini-1,wattmetre_power_watt,1182.146,"['wattmetrev3-1-port6', 'wattmetrev3-1-port7', 'wattmetrev3-1-port8', 'wattmetrev3-1-port9']"
62,2022-04-04 23:43:30.000000,gemini-1,wattmetre_power_watt,1180.255,"['wattmetrev3-1-port6', 'wattmetrev3-1-port7', 'wattmetrev3-1-port8', 'wattmetrev3-1-port9']"
63,2022-04-04 23:43:31.000000,gemini-1,wattmetre_power_watt,1178.449,"['wattmetrev3-1-port6', 'wattmetrev3-1-port7', 'wattmetrev3-1-port8', 'wattmetrev3-1-port9']"
64,2022-04-04 23:43:31.817869,gemini-1,bmc_node_power_watt,1044.0,
65,2022-04-04 23:43:32.000000,gemini-1,wattmetre_power_watt,1178.587,"['wattmetrev3-1-port6', 'wattmetrev3-1-port7', 'wattmetrev3-1-port8', 'wattmetrev3-1-port9']"
66,2022-04-04 23:43:33.000000,gemini-1,wattmetre_power_watt,1178.506,"['wattmetrev3-1-port6', 'wattmetrev3-1-port7', 'wattmetrev3-1-port8', 'wattmetrev3-1-port9']"
67,2022-04-04 23:43:34.000000,gemini-1,wattmetre_power_watt,1178.759,"['wattmetrev3-1-port6', 'wattmetrev3-1-port7', 'wattmetrev3-1-port8', 'wattmetrev3-1-port9']"
68,2022-04-04 23:43:35.000000,gemini-1,wattmetre_power_watt,1178.693,"['wattmetrev3-1-port6', 'wattmetrev3-1-port7', 'wattmetrev3-1-port8', 'wattmetrev3-1-port9']"
69,2022-04-04 23:43:36.000000,gemini-1,wattmetre_power_watt,1179.919,"['wattmetrev3-1-port6', 'wattmetrev3-1-port7', 'wattmetrev3-1-port8', 'wattmetrev3-1-port9']"
70,2022-04-04 23:43:36.827059,gemini-1,bmc_node_power_watt,1044.0,
71,2022-04-04 23:43:37.000000,gemini-1,wattmetre_power_watt,1186.059,"['wattmetrev3-1-port6', 'wattmetrev3-1-port7', 'wattmetrev3-1-port8', 'wattmetrev3-1-port9']"
72,2022-04-04 23:43:38.000000,gemini-1,wattmetre_power_watt,1215.313,"['wattmetrev3-1-port6', 'wattmetrev3-1-port7', 'wattmetrev3-1-port8', 'wattmetrev3-1-port9']"
73,2022-04-04 23:43:39.000000,gemini-1,wattmetre_power_watt,1215.442,"['wattmetrev3-1-port6', 'wattmetrev3-1-port7', 'wattmetrev3-1-port8', 'wattmetrev3-1-port9']"
74,2022-04-04 23:43:40.000000,gemini-1,wattmetre_power_watt,1215.61485148515,"['wattmetrev3-1-port6', 'wattmetrev3-1-port7', 'wattmetrev3-1-port8', 'wattmetrev3-1-port9']"
75,2022-04-04 23:43:41.000000,gemini-1,wattmetre_power_watt,1215.601,"['wattmetrev3-1-port6', 'wattmetrev3-1-port7', 'wattmetrev3-1-port8', 'wattmetrev3-1-port9']"
76,2022-04-04 23:43:41.826314,gemini-1,bmc_node_power_watt,1080.0,
77,2022-04-04 23:43:42.000000,gemini-1,wattmetre_power_watt,1216.578,"['wattmetrev3-1-port6', 'wattmetrev3-1-port7', 'wattmetrev3-1-port8', 'wattmetrev3-1-port9']"
78,2022-04-04 23:43:43.000000,gemini-1,wattmetre_power_watt,1215.648,"['wattmetrev3-1-port6', 'wattmetrev3-1-port7', 'wattmetrev3-1-port8', 'wattmetrev3-1-port9']"
79,2022-04-04 23:43:44.000000,gemini-1,wattmetre_power_watt,1215.09,"['wattmetrev3-1-port6', 'wattmetrev3-1-port7', 'wattmetrev3-1-port8', 'wattmetrev3-1-port9']"
80,2022-04-04 23:43:45.000000,gemini-1,wattmetre_power_watt,1215.648,"['wattmetrev3-1-port6', 'wattmetrev3-1-port7', 'wattmetrev3-1-port8', 'wattmetrev3-1-port9']"
81,2022-04-04 23:43:46.000000,gemini-1,wattmetre_power_watt,1215.197,"['wattmetrev3-1-port6', 'wattmetrev3-1-port7', 'wattmetrev3-1-port8', 'wattmetrev3-1-port9']"
82,2022-04-04 23:43:46.827362,gemini-1,bmc_node_power_watt,1080.0,
83,2022-04-04 23:43:47.000000,gemini-1,wattmetre_power_watt,1216.047,"['wattmetrev3-1-port6', 'wattmetrev3-1-port7', 'wattmetrev3-1-port8', 'wattmetrev3-1-port9']"
84,2022-04-04 23:43:48.000000,gemini-1,wattmetre_power_watt,1217.176,"['wattmetrev3-1-port6', 'wattmetrev3-1-port7', 'wattmetrev3-1-port8', 'wattmetrev3-1-port9']"
85,2022-04-04 23:43:49.000000,gemini-1,wattmetre_power_watt,1215.683,"['wattmetrev3-1-port6', 'wattmetrev3-1-port7', 'wattmetrev3-1-port8', 'wattmetrev3-1-port9']"
86,2022-04-04 23:43:50.000000,gemini-1,wattmetre_power_watt,1217.834,"['wattmetrev3-1-port6', 'wattmetrev3-1-port7', 'wattmetrev3-1-port8', 'wattmetrev3-1-port9']"
87,2022-04-04 23:43:51.000000,gemini-1,wattmetre_power_watt,1218.314,"['wattmetrev3-1-port6', 'wattmetrev3-1-port7', 'wattmetrev3-1-port8', 'wattmetrev3-1-port9']"
88,2022-04-04 23:43:51.827650,gemini-1,bmc_node_power_watt,1080.0,
89,2022-04-04 23:43:52.000000,gemini-1,wattmetre_power_watt,1215.732,"['wattmetrev3-1-port6', 'wattmetrev3-1-port7', 'wattmetrev3-1-port8', 'wattmetrev3-1-port9']"
90,2022-04-04 23:43:53.000000,gemini-1,wattmetre_power_watt,1216.397,"['wattmetrev3-1-port6', 'wattmetrev3-1-port7', 'wattmetrev3-1-port8', 'wattmetrev3-1-port9']"
91,2022-04-04 23:43:54.000000,gemini-1,wattmetre_power_watt,1216.641,"['wattmetrev3-1-port6', 'wattmetrev3-1-port7', 'wattmetrev3-1-port8', 'wattmetrev3-1-port9']"
92,2022-04-04 23:43:55.000000,gemini-1,wattmetre_power_watt,1216.105,"['wattmetrev3-1-port6', 'wattmetrev3-1-port7', 'wattmetrev3-1-port8', 'wattmetrev3-1-port9']"
93,2022-04-04 23:43:56.000000,gemini-1,wattmetre_power_watt,1215.484,"['wattmetrev3-1-port6', 'wattmetrev3-1-port7', 'wattmetrev3-1-port8', 'wattmetrev3-1-port9']"
94,2022-04-04 23:43:56.829126,gemini-1,bmc_node_power_watt,1080.0,
95,2022-04-04 23:43:57.000000,gemini-1,wattmetre_power_watt,1215.943,"['wattmetrev3-1-port6', 'wattmetrev3-1-port7', 'wattmetrev3-1-port8', 'wattmetrev3-1-port9']"
96,2022-04-04 23:43:58.000000,gemini-1,wattmetre_power_watt,1215.424,"['wattmetrev3-1-port6', 'wattmetrev3-1-port7', 'wattmetrev3-1-port8', 'wattmetrev3-1-port9']"
97,2022-04-04 23:43:59.000000,gemini-1,wattmetre_power_watt,1216.354,"['wattmetrev3-1-port6', 'wattmetrev3-1-port7', 'wattmetrev3-1-port8', 'wattmetrev3-1-port9']"
98,2022-04-04 23:44:00.000000,gemini-1,wattmetre_power_watt,1217.346,"['wattmetrev3-1-port6', 'wattmetrev3-1-port7', 'wattmetrev3-1-port8', 'wattmetrev3-1-port9']"
99,2022-04-04 23:44:01.000000,gemini-1,wattmetre_power_watt,1215.88,"['wattmetrev3-1-port6', 'wattmetrev3-1-port7', 'wattmetrev3-1-port8', 'wattmetrev3-1-port9']"
100,2022-04-04 23:44:01.830193,gemini-1,bmc_node_power_watt,1080.0,
101,2022-04-04 23:44:02.000000,gemini-1,wattmetre_power_watt,1215.392,"['wattmetrev3-1-port6', 'wattmetrev3-1-port7', 'wattmetrev3-1-port8', 'wattmetrev3-1-port9']"
102,2022-04-04 23:44:03.000000,gemini-1,wattmetre_power_watt,1216.272,"['wattmetrev3-1-port6', 'wattmetrev3-1-port7', 'wattmetrev3-1-port8', 'wattmetrev3-1-port9']"
103,2022-04-04 23:44:04.000000,gemini-1,wattmetre_power_watt,1216.408,"['wattmetrev3-1-port6', 'wattmetrev3-1-port7', 'wattmetrev3-1-port8', 'wattmetrev3-1-port9']"
104,2022-04-04 23:44:05.000000,gemini-1,wattmetre_power_watt,1216.176,"['wattmetrev3-1-port6', 'wattmetrev3-1-port7', 'wattmetrev3-1-port8', 'wattmetrev3-1-port9']"
105,2022-04-04 23:44:06.000000,gemini-1,wattmetre_power_watt,1217.059,"['wattmetrev3-1-port6', 'wattmetrev3-1-port7', 'wattmetrev3-1-port8', 'wattmetrev3-1-port9']"
106,2022-04-04 23:44:06.830778,gemini-1,bmc_node_power_watt,1080.0,
107,2022-04-04 23:44:07.000000,gemini-1,wattmetre_power_watt,1216.406,"['wattmetrev3-1-port6', 'wattmetrev3-1-port7', 'wattmetrev3-1-port8', 'wattmetrev3-1-port9']"
108,2022-04-04 23:44:08.000000,gemini-1,wattmetre_power_watt,1216.045,"['wattmetrev3-1-port6', 'wattmetrev3-1-port7', 'wattmetrev3-1-port8', 'wattmetrev3-1-port9']"
109,2022-04-04 23:44:09.000000,gemini-1,wattmetre_power_watt,1216.011,"['wattmetrev3-1-port6', 'wattmetrev3-1-port7', 'wattmetrev3-1-port8', 'wattmetrev3-1-port9']"
110,2022-04-04 23:44:10.000000,gemini-1,wattmetre_power_watt,1216.448,"['wattmetrev3-1-port6', 'wattmetrev3-1-port7', 'wattmetrev3-1-port8', 'wattmetrev3-1-port9']"
111,2022-04-04 23:44:11.000000,gemini-1,wattmetre_power_watt,1216.36633663366,"['wattmetrev3-1-port6', 'wattmetrev3-1-port7', 'wattmetrev3-1-port8', 'wattmetrev3-1-port9']"
112,2022-04-04 23:44:11.831858,gemini-1,bmc_node_power_watt,1080.0,
113,2022-04-04 23:44:12.000000,gemini-1,wattmetre_power_watt,1219.863,"['wattmetrev3-1-port6', 'wattmetrev3-1-port7', 'wattmetrev3-1-port8', 'wattmetrev3-1-port9']"
114,2022-04-04 23:44:13.000000,gemini-1,wattmetre_power_watt,1219.391,"['wattmetrev3-1-port6', 'wattmetrev3-1-port7', 'wattmetrev3-1-port8', 'wattmetrev3-1-port9']"
115,2022-04-04 23:44:14.000000,gemini-1,wattmetre_power_watt,1215.962,"['wattmetrev3-1-port6', 'wattmetrev3-1-port7', 'wattmetrev3-1-port8', 'wattmetrev3-1-port9']"
116,2022-04-04 23:44:15.000000,gemini-1,wattmetre_power_watt,1216.562,"['wattmetrev3-1-port6', 'wattmetrev3-1-port7', 'wattmetrev3-1-port8', 'wattmetrev3-1-port9']"
117,2022-04-04 23:44:16.000000,gemini-1,wattmetre_power_watt,1216.603,"['wattmetrev3-1-port6', 'wattmetrev3-1-port7', 'wattmetrev3-1-port8', 'wattmetrev3-1-port9']"
118,2022-04-04 23:44:16.832305,gemini-1,bmc_node_power_watt,1080.0,
119,2022-04-04 23:44:17.000000,gemini-1,wattmetre_power_watt,1216.545,"['wattmetrev3-1-port6', 'wattmetrev3-1-port7', 'wattmetrev3-1-port8', 'wattmetrev3-1-port9']"
120,2022-04-04 23:44:18.000000,gemini-1,wattmetre_power_watt,1217.617,"['wattmetrev3-1-port6', 'wattmetrev3-1-port7', 'wattmetrev3-1-port8', 'wattmetrev3-1-port9']"
121,2022-04-04 23:44:19.000000,gemini-1,wattmetre_power_watt,1216.676,"['wattmetrev3-1-port6', 'wattmetrev3-1-port7', 'wattmetrev3-1-port8', 'wattmetrev3-1-port9']"
122,2022-04-04 23:44:20.000000,gemini-1,wattmetre_power_watt,1216.47,"['wattmetrev3-1-port6', 'wattmetrev3-1-port7', 'wattmetrev3-1-port8', 'wattmetrev3-1-port9']"
123,2022-04-04 23:44:21.000000,gemini-1,wattmetre_power_watt,1216.014,"['wattmetrev3-1-port6', 'wattmetrev3-1-port7', 'wattmetrev3-1-port8', 'wattmetrev3-1-port9']"
124,2022-04-04 23:44:21.833228,gemini-1,bmc_node_power_watt,1080.0,
125,2022-04-04 23:44:22.000000,gemini-1,wattmetre_power_watt,1216.704,"['wattmetrev3-1-port6', 'wattmetrev3-1-port7', 'wattmetrev3-1-port8', 'wattmetrev3-1-port9']"
126,2022-04-04 23:44:23.000000,gemini-1,wattmetre_power_watt,1216.743,"['wattmetrev3-1-port6', 'wattmetrev3-1-port7', 'wattmetrev3-1-port8', 'wattmetrev3-1-port9']"
127,2022-04-04 23:44:24.000000,gemini-1,wattmetre_power_watt,1215.664,"['wattmetrev3-1-port6', 'wattmetrev3-1-port7', 'wattmetrev3-1-port8', 'wattmetrev3-1-port9']"
128,2022-04-04 23:44:25.000000,gemini-1,wattmetre_power_watt,1184.267,"['wattmetrev3-1-port6', 'wattmetrev3-1-port7', 'wattmetrev3-1-port8', 'wattmetrev3-1-port9']"
129,2022-04-04 23:44:26.000000,gemini-1,wattmetre_power_watt,1180.517,"['wattmetrev3-1-port6', 'wattmetrev3-1-port7', 'wattmetrev3-1-port8', 'wattmetrev3-1-port9']"
130,2022-04-04 23:44:26.833770,gemini-1,bmc_node_power_watt,1044.0,
131,2022-04-04 23:44:27.000000,gemini-1,wattmetre_power_watt,1179.81,"['wattmetrev3-1-port6', 'wattmetrev3-1-port7', 'wattmetrev3-1-port8', 'wattmetrev3-1-port9']"
132,2022-04-04 23:44:28.000000,gemini-1,wattmetre_power_watt,1179.79,"['wattmetrev3-1-port6', 'wattmetrev3-1-port7', 'wattmetrev3-1-port8', 'wattmetrev3-1-port9']"
133,2022-04-04 23:44:29.000000,gemini-1,wattmetre_power_watt,1179.193,"['wattmetrev3-1-port6', 'wattmetrev3-1-port7', 'wattmetrev3-1-port8', 'wattmetrev3-1-port9']"
134,2022-04-04 23:44:30.000000,gemini-1,wattmetre_power_watt,1181.154,"['wattmetrev3-1-port6', 'wattmetrev3-1-port7', 'wattmetrev3-1-port8', 'wattmetrev3-1-port9']"
135,2022-04-04 23:44:31.000000,gemini-1,wattmetre_power_watt,1180.074,"['wattmetrev3-1-port6', 'wattmetrev3-1-port7', 'wattmetrev3-1-port8', 'wattmetrev3-1-port9']"
136,2022-04-04 23:44:31.833892,gemini-1,bmc_node_power_watt,1044.0,
137,2022-04-04 23:44:32.000000,gemini-1,wattmetre_power_watt,1179.492,"['wattmetrev3-1-port6', 'wattmetrev3-1-port7', 'wattmetrev3-1-port8', 'wattmetrev3-1-port9']"
138,2022-04-04 23:44:33.000000,gemini-1,wattmetre_power_watt,1179.489,"['wattmetrev3-1-port6', 'wattmetrev3-1-port7', 'wattmetrev3-1-port8', 'wattmetrev3-1-port9']"
139,2022-04-04 23:44:34.000000,gemini-1,wattmetre_power_watt,1181.18217821782,"['wattmetrev3-1-port6', 'wattmetrev3-1-port7', 'wattmetrev3-1-port8', 'wattmetrev3-1-port9']"
140,2022-04-04 23:44:35.000000,gemini-1,wattmetre_power_watt,1182.422,"['wattmetrev3-1-port6', 'wattmetrev3-1-port7', 'wattmetrev3-1-port8', 'wattmetrev3-1-port9']"
141,2022-04-04 23:44:36.000000,gemini-1,wattmetre_power_watt,1180.827,"['wattmetrev3-1-port6', 'wattmetrev3-1-port7', 'wattmetrev3-1-port8', 'wattmetrev3-1-port9']"
142,2022-04-04 23:44:36.834771,gemini-1,bmc_node_power_watt,1044.0,
143,2022-04-04 23:44:37.000000,gemini-1,wattmetre_power_watt,1179.618,"['wattmetrev3-1-port6', 'wattmetrev3-1-port7', 'wattmetrev3-1-port8', 'wattmetrev3-1-port9']"
144,2022-04-04 23:44:38.000000,gemini-1,wattmetre_power_watt,1179.126,"['wattmetrev3-1-port6', 'wattmetrev3-1-port7', 'wattmetrev3-1-port8', 'wattmetrev3-1-port9']"
145,2022-04-04 23:44:39.000000,gemini-1,wattmetre_power_watt,1178.84,"['wattmetrev3-1-port6', 'wattmetrev3-1-port7', 'wattmetrev3-1-port8', 'wattmetrev3-1-port9']"
146,2022-04-04 23:44:40.000000,gemini-1,wattmetre_power_watt,1180.014,"['wattmetrev3-1-port6', 'wattmetrev3-1-port7', 'wattmetrev3-1-port8', 'wattmetrev3-1-port9']"
147,2022-04-04 23:44:41.000000,gemini-1,wattmetre_power_watt,1179.212,"['wattmetrev3-1-port6', 'wattmetrev3-1-port7', 'wattmetrev3-1-port8', 'wattmetrev3-1-port9']"
148,2022-04-04 23:44:41.835753,gemini-1,bmc_node_power_watt,1044.0,
149,2022-04-04 23:44:42.000000,gemini-1,wattmetre_power_watt,1180.196,"['wattmetrev3-1-port6', 'wattmetrev3-1-port7', 'wattmetrev3-1-port8', 'wattmetrev3-1-port9']"
150,2022-04-04 23:44:43.000000,gemini-1,wattmetre_power_watt,1179.612,"['wattmetrev3-1-port6', 'wattmetrev3-1-port7', 'wattmetrev3-1-port8', 'wattmetrev3-1-port9']"
151,2022-04-04 23:44:44.000000,gemini-1,wattmetre_power_watt,1179.501,"['wattmetrev3-1-port6', 'wattmetrev3-1-port7', 'wattmetrev3-1-port8', 'wattmetrev3-1-port9']"
152,2022-04-04 23:44:45.000000,gemini-1,wattmetre_power_watt,1179.374,"['wattmetrev3-1-port6', 'wattmetrev3-1-port7', 'wattmetrev3-1-port8', 'wattmetrev3-1-port9']"
153,2022-04-04 23:44:46.000000,gemini-1,wattmetre_power_watt,1178.391,"['wattmetrev3-1-port6', 'wattmetrev3-1-port7', 'wattmetrev3-1-port8', 'wattmetrev3-1-port9']"
154,2022-04-04 23:44:46.836623,gemini-1,bmc_node_power_watt,1044.0,
155,2022-04-04 23:44:47.000000,gemini-1,wattmetre_power_watt,1179.522,"['wattmetrev3-1-port6', 'wattmetrev3-1-port7', 'wattmetrev3-1-port8', 'wattmetrev3-1-port9']"
156,2022-04-04 23:44:48.000000,gemini-1,wattmetre_power_watt,1180.443,"['wattmetrev3-1-port6', 'wattmetrev3-1-port7', 'wattmetrev3-1-port8', 'wattmetrev3-1-port9']"
157,2022-04-04 23:44:49.000000,gemini-1,wattmetre_power_watt,1179.653,"['wattmetrev3-1-port6', 'wattmetrev3-1-port7', 'wattmetrev3-1-port8', 'wattmetrev3-1-port9']"
158,2022-04-04 23:44:50.000000,gemini-1,wattmetre_power_watt,1178.909,"['wattmetrev3-1-port6', 'wattmetrev3-1-port7', 'wattmetrev3-1-port8', 'wattmetrev3-1-port9']"
159,2022-04-04 23:44:51.000000,gemini-1,wattmetre_power_watt,1178.501,"['wattmetrev3-1-port6', 'wattmetrev3-1-port7', 'wattmetrev3-1-port8', 'wattmetrev3-1-port9']"
160,2022-04-04 23:44:51.841179,gemini-1,bmc_node_power_watt,1044.0,
161,2022-04-04 23:44:52.000000,gemini-1,wattmetre_power_watt,1179.05544554455,"['wattmetrev3-1-port6', 'wattmetrev3-1-port7', 'wattmetrev3-1-port8', 'wattmetrev3-1-port9']"
162,2022-04-04 23:44:53.000000,gemini-1,wattmetre_power_watt,1179.256,"['wattmetrev3-1-port6', 'wattmetrev3-1-port7', 'wattmetrev3-1-port8', 'wattmetrev3-1-port9']"
163,2022-04-04 23:44:54.000000,gemini-1,wattmetre_power_watt,1180.462,"['wattmetrev3-1-port6', 'wattmetrev3-1-port7', 'wattmetrev3-1-port8', 'wattmetrev3-1-port9']"
164,2022-04-04 23:44:55.000000,gemini-1,wattmetre_power_watt,1179.17,"['wattmetrev3-1-port6', 'wattmetrev3-1-port7', 'wattmetrev3-1-port8', 'wattmetrev3-1-port9']"
165,2022-04-04 23:44:56.000000,gemini-1,wattmetre_power_watt,1180.631,"['wattmetrev3-1-port6', 'wattmetrev3-1-port7', 'wattmetrev3-1-port8', 'wattmetrev3-1-port9']"
166,2022-04-04 23:44:56.841751,gemini-1,bmc_node_power_watt,1044.0,
167,2022-04-04 23:44:57.000000,gemini-1,wattmetre_power_watt,1182.01,"['wattmetrev3-1-port6', 'wattmetrev3-1-port7', 'wattmetrev3-1-port8', 'wattmetrev3-1-port9']"
168,2022-04-04 23:44:58.000000,gemini-1,wattmetre_power_watt,1178.927,"['wattmetrev3-1-port6', 'wattmetrev3-1-port7', 'wattmetrev3-1-port8', 'wattmetrev3-1-port9']"
169,2022-04-04 23:44:59.000000,gemini-1,wattmetre_power_watt,1178.932,"['wattmetrev3-1-port6', 'wattmetrev3-1-port7', 'wattmetrev3-1-port8', 'wattmetrev3-1-port9']"
170,2022-04-04 23:45:00.000000,gemini-1,wattmetre_power_watt,1179.912,"['wattmetrev3-1-port6', 'wattmetrev3-1-port7', 'wattmetrev3-1-port8', 'wattmetrev3-1-port9']"
171,2022-04-04 23:45:01.000000,gemini-1,wattmetre_power_watt,1178.972,"['wattmetrev3-1-port6', 'wattmetrev3-1-port7', 'wattmetrev3-1-port8', 'wattmetrev3-1-port9']"
172,2022-04-04 23:45:01.854751,gemini-1,bmc_node_power_watt,1044.0,
173,2022-04-04 23:45:02.000000,gemini-1,wattmetre_power_watt,1178.863,"['wattmetrev3-1-port6', 'wattmetrev3-1-port7', 'wattmetrev3-1-port8', 'wattmetrev3-1-port9']"
174,2022-04-04 23:45:03.000000,gemini-1,wattmetre_power_watt,1179.22,"['wattmetrev3-1-port6', 'wattmetrev3-1-port7', 'wattmetrev3-1-port8', 'wattmetrev3-1-port9']"
175,2022-04-04 23:45:04.000000,gemini-1,wattmetre_power_watt,1178.53,"['wattmetrev3-1-port6', 'wattmetrev3-1-port7', 'wattmetrev3-1-port8', 'wattmetrev3-1-port9']"
176,2022-04-04 23:45:05.000000,gemini-1,wattmetre_power_watt,1178.694,"['wattmetrev3-1-port6', 'wattmetrev3-1-port7', 'wattmetrev3-1-port8', 'wattmetrev3-1-port9']"
177,2022-04-04 23:45:06.000000,gemini-1,wattmetre_power_watt,1180.22,"['wattmetrev3-1-port6', 'wattmetrev3-1-port7', 'wattmetrev3-1-port8', 'wattmetrev3-1-port9']"
178,2022-04-04 23:45:06.846410,gemini-1,bmc_node_power_watt,1044.0,
179,2022-04-04 23:45:07.000000,gemini-1,wattmetre_power_watt,1179.285,"['wattmetrev3-1-port6', 'wattmetrev3-1-port7', 'wattmetrev3-1-port8', 'wattmetrev3-1-port9']"
180,2022-04-04 23:45:08.000000,gemini-1,wattmetre_power_watt,1178.768,"['wattmetrev3-1-port6', 'wattmetrev3-1-port7', 'wattmetrev3-1-port8', 'wattmetrev3-1-port9']"
181,2022-04-04 23:45:09.000000,gemini-1,wattmetre_power_watt,1178.778,"['wattmetrev3-1-port6', 'wattmetrev3-1-port7', 'wattmetrev3-1-port8', 'wattmetrev3-1-port9']"
182,2022-04-04 23:45:10.000000,gemini-1,wattmetre_power_watt,1178.846,"['wattmetrev3-1-port6', 'wattmetrev3-1-port7', 'wattmetrev3-1-port8', 'wattmetrev3-1-port9']"
183,2022-04-04 23:45:11.000000,gemini-1,wattmetre_power_watt,1179.325,"['wattmetrev3-1-port6', 'wattmetrev3-1-port7', 'wattmetrev3-1-port8', 'wattmetrev3-1-port9']"
184,2022-04-04 23:45:11.847920,gemini-1,bmc_node_power_watt,1044.0,
185,2022-04-04 23:45:12.000000,gemini-1,wattmetre_power_watt,1179.928,"['wattmetrev3-1-port6', 'wattmetrev3-1-port7', 'wattmetrev3-1-port8', 'wattmetrev3-1-port9']"
186,2022-04-04 23:45:13.000000,gemini-1,wattmetre_power_watt,1179.367,"['wattmetrev3-1-port6', 'wattmetrev3-1-port7', 'wattmetrev3-1-port8', 'wattmetrev3-1-port9']"
187,2022-04-04 23:45:14.000000,gemini-1,wattmetre_power_watt,1178.994,"['wattmetrev3-1-port6', 'wattmetrev3-1-port7', 'wattmetrev3-1-port8', 'wattmetrev3-1-port9']"
188,2022-04-04 23:45:15.000000,gemini-1,wattmetre_power_watt,1178.716,"['wattmetrev3-1-port6', 'wattmetrev3-1-port7', 'wattmetrev3-1-port8', 'wattmetrev3-1-port9']"
189,2022-04-04 23:45:16.000000,gemini-1,wattmetre_power_watt,1178.764,"['wattmetrev3-1-port6', 'wattmetrev3-1-port7', 'wattmetrev3-1-port8', 'wattmetrev3-1-port9']"
190,2022-04-04 23:45:16.848315,gemini-1,bmc_node_power_watt,1044.0,
191,2022-04-04 23:45:17.000000,gemini-1,wattmetre_power_watt,1179.22079207921,"['wattmetrev3-1-port6', 'wattmetrev3-1-port7', 'wattmetrev3-1-port8', 'wattmetrev3-1-port9']"
192,2022-04-04 23:45:18.000000,gemini-1,wattmetre_power_watt,1181.573,"['wattmetrev3-1-port6', 'wattmetrev3-1-port7', 'wattmetrev3-1-port8', 'wattmetrev3-1-port9']"
193,2022-04-04 23:45:19.000000,gemini-1,wattmetre_power_watt,1182.635,"['wattmetrev3-1-port6', 'wattmetrev3-1-port7', 'wattmetrev3-1-port8', 'wattmetrev3-1-port9']"
194,2022-04-04 23:45:20.000000,gemini-1,wattmetre_power_watt,1178.534,"['wattmetrev3-1-port6', 'wattmetrev3-1-port7', 'wattmetrev3-1-port8', 'wattmetrev3-1-port9']"
195,2022-04-04 23:45:21.000000,gemini-1,wattmetre_power_watt,1179.196,"['wattmetrev3-1-port6', 'wattmetrev3-1-port7', 'wattmetrev3-1-port8', 'wattmetrev3-1-port9']"
196,2022-04-04 23:45:21.849514,gemini-1,bmc_node_power_watt,1044.0,
197,2022-04-04 23:45:22.000000,gemini-1,wattmetre_power_watt,1178.836,"['wattmetrev3-1-port6', 'wattmetrev3-1-port7', 'wattmetrev3-1-port8', 'wattmetrev3-1-port9']"
198,2022-04-04 23:45:23.000000,gemini-1,wattmetre_power_watt,1178.791,"['wattmetrev3-1-port6', 'wattmetrev3-1-port7', 'wattmetrev3-1-port8', 'wattmetrev3-1-port9']"
199,2022-04-04 23:45:24.000000,gemini-1,wattmetre_power_watt,1180.481,"['wattmetrev3-1-port6', 'wattmetrev3-1-port7', 'wattmetrev3-1-port8', 'wattmetrev3-1-port9']"
200,2022-04-04 23:45:25.000000,gemini-1,wattmetre_power_watt,1179.236,"['wattmetrev3-1-port6', 'wattmetrev3-1-port7', 'wattmetrev3-1-port8', 'wattmetrev3-1-port9']"
201,2022-04-04 23:45:26.000000,gemini-1,wattmetre_power_watt,1179.141,"['wattmetrev3-1-port6', 'wattmetrev3-1-port7', 'wattmetrev3-1-port8', 'wattmetrev3-1-port9']"
202,2022-04-04 23:45:26.850863,gemini-1,bmc_node_power_watt,1044.0,
203,2022-04-04 23:45:27.000000,gemini-1,wattmetre_power_watt,1179.606,"['wattmetrev3-1-port6', 'wattmetrev3-1-port7', 'wattmetrev3-1-port8', 'wattmetrev3-1-port9']"
